id,user,text
1211797600887816193,ajadesea,I have a photography project in mind and Itâ€™s really weird and no one would ever do it but at least itâ€™s different lol #scared
1211796921658028033,therealmikenew,Uh oh. Teens in the audience #scared
1211793847501688832,OkState_FB2020,#trash #scared to answer
1211775811084259334,aymee88790614,I am not ready! I am not ready for 2020 because I am scared for things whatâ€™s gonna happensğŸ˜” #2020Vision #2020FirstLook #scared #2020NewYear
1211768926268358657,KAQinNOVA,It's ticking. Seriously. In my car. With me also in my car. I hate things that blow up. #scared #propane
1211761073109516288,lizadonnelly,Taking a yoga class after a gazillion years. #scared #whatdowedowiththeredball?
1211760457809309696,nourbanmeyer,"You better go back and do some reading aggy, CDC made the call for a home and home. I mean everything leads to aggy being scared of Big Brother and SEC not wanting you to play Texas. Funny CDC called Alabama and they took the home and home but ur schedule was to full ğŸ¤£ğŸ¤£#scared"
1211749996418228225,shlbss,Recently watched 'i am mother' and i can't stop fucking thinking about how that thing runs. #iammother #scared #help #scary
1211739506195521537,UnknownYT37,I got followed home https://youtu.be/cNaGbqIyLqU #dirtbike #CHASE #creepy #scared
1211734489304649730,richardtips1,ğŸ˜‚ğŸ˜‚ğŸ˜‚ğŸ˜‚ğŸ˜‚ Blocked by @DubsandTrebs and @InplayMan neither want a head to head challenge. With their basic tips I see more more losers than winners. Check out our free Telegram for some real results. #runandhide #scared 
1211731586757955585,EllieJoan5,"No resolutions just a goal of answers Still searching for answers of wtf is wrong with me Dr procedure next Monday #scared If you need sobriety, best of luck I'm here "
1211719591866642438,bleuparisblanco,My good boy caught a mouse in my room todayâ¤ï¸ #proud #proudcatmom #rhett #mice #scared #ahhh
1211708259939143681,Msleahmvader,Hugs for fussy Aldo #scared
1211692752800534529,Zeppy64,By @AmericaDuck lmao #fnaf #meme #scared 
1211690562765504512,Its_Your_Man_,A night of Terror #terror #BadDream #dreams #GoodNight #LateNights #nightmarebeforechristmas #nightmare #poetry #poems #poem #read #readme #Help #alarm #monsters #monster #trauma #traumatic #blood #scary #scared #Sleepyhead #MondayMotivation #mondaythoughts #MondayMood #Tuesday
1211685016737968128,jayanthas,"@north_bjp @krishnabgowda @bbmpcommr @DCPNorthBCP We stay here and we need good roads with street lights.. We are #scared everytime we step out! Bengaluru: Techie returning from work tries to pepper-spray stalker, hit with bottle http://toi.in/BMRNkb/a24gj via @timesofindia"
1211682345813721088,mackenzi_dugan,23andme told me exactly where my family is from in italy and i am #scared how do they know this stuff
1211673486562861057,NothingOnQueen,They even made a fake account #scared pathetic that baby is cute â˜ºï¸ğŸ˜ lol they are a hating couch potato
1211653890569068544,RealJamesJeff,@jameelajamil was grasping for an excuse to cancel this invite from the start. #Scared #Fraud
1211643118837211137,FiferScot,I'll be back tomorrow ğŸ˜ğŸ˜® #scared
1211579524544114689,brendaoncats,"Good to everyone even kiddies, LEE is a shy, wonderful boy who needs a loyal, loving home! #NYC #cats #scared #Holidaywishes for a real home! #INEEDAREALHOME"
1211577431473184769,Parentoid,@Dr_Heavenly please stop being such a bad human being. I would never use you as a dentist. Your spirit is enough to not trust you. #scared
1211570666543210497,aadayaamelika,When the turbulence bi's that bad the whole plane do the silent scream to not scare the kids ğŸ¤£ğŸ¤·ğŸ¾â€â™€ï¸ #scared #scream #plane #spain #family #vacation #holiday #beastmode
1211566888964124672,kaamuz1769,SCARECROW --- Watch the speedraw/speedpaint of it on the Sickaah Studios youtube channel (link in the bio) [ #scare #scared #scarecrow #classic #monster #character #horror #cartoon #crow #characterdesignâ€¦ https://www.instagram.com/p/B6sKsOEjiaP/?igshid=1d3vq0y1fa008
1211561112203743232,lollie_pop_pop,A bit jelly looking at friends' travel pixğŸ˜¢nk gi but no one to go with. I've never traveled outside of the UK alone #scared
1211559110551883776,tinyteddy8,Only one more day to the start of a new decade. what's the next 10 years gonna be like? #future #decade #scared #amazed #improve #trending #travel #money #learning
1211555524233220096,JournalistWatts,:( just got evacuated from my mums place in wyndham now me my mum and cat are driving to Cooma :( #scared #happynewyear2020 #bushfiresNSW
1211527424128647168,being_bell,thereâ€™s only so much Purell and masks. #scared #dontcoughonme
1211524469942042624,heebeejabee,if those tweets were still available rn i would be #scared
1211517720887476224,lavigne_bill,You forgot Hermantown......oh crap....nevermind. #scared
1211512181591859201,Isabel68560482,Guess whoâ€™s finally gunna grow some balls & get the nipples pierced! Oh yeah! THIS GIRLğŸ¤ª #scared
1211503035735629824,eleanorcrane,I was never so sure about Santa.. . . . #oldphoto #childhood #santa #notsureaboutthis #trust #unsure #photography #foundagem #oldschool #80s #90s #goodtimes #afraid #scared #pic #picture #photo #photograph #captureâ€¦ https://www.instagram.com/p/B6rtp77HCb9/?igshid=1cd2bud258irz
1211501701066133504,Rickym7599,49ers shoulda done a fake punt on that 4th and 1 #scared
1211499173733789696,jewelbo,Trump is #triggered and #scared
1211498923505967105,jahson372,trump loves him some jooz when the cameras are rolling. kushner is not a Hebrew. Nazis now hide behind this flag ğŸ‡®ğŸ‡± djt is just another zionist puppet tryna serve 2 masters; putin &amp; da jooz!! Putin will destroy djt once he's no longer useful to him. And trump knows it too #scared
1211496836525109248,Storm_Akima,https://youtu.be/oaFt3H34J7o Watching a scary movie with Mom and Kim! OMG! #ALIEN #reactions #scary #horror #monster #blindreaction #react #scream #scared #afraid
1211483383001468928,zzbatman,Are you coming for me? #scared
1211479750012801024,hellomarranda,Omg yâ€™all I just saw a white owl flying....isnâ€™t that a curse or some shit #scared
1211472388380151808,miathetux,"Wait, what?!?! #tuxedocat #movienight #scared @Old Town, Alexandria https://www.instagram.com/p/B6rfuC8n-nM/?igshid=jx7spb0g5yrt"
1211461720440528902,LincolnCrowder,I just got a fortune cookie with no fortune. Is that a warning of death?:#scared
1211454070243901440,loudmrsbrooks,ğŸ˜‚ğŸ˜‚ğŸ˜‚ğŸ˜‚ We dont do crawling here #RETWEET #smallstreamercommunity @SmallStreamersR @small_streamers @TwitchHost #scared #VirtualReality #twitchstreamer #twitchtv #twitchaffiliate #2019in5words #family #love #twitchstream #XboxGamePass #share #RunCMC @sme_rt
1211445338449600513,davtm_18,@Raulgraciano83 runnin speed bumps like nothing #scared
1211440611884224512,kayx0912,On episode 3 of @destinationfear and I am FREAKING OUT @Tanner_Wiseman hearing all those voices and THAT SCREAM!!! That was some of the best evidence Iâ€™ve seen on a show. #freakedout #scared #bestnewshow
1211438986096447488,ariyannamaree,omg yâ€™all just found out my new school is filled w gangs ğŸ˜³ should i get black AF1?! #scared
1211437708159127552,Deplorablecat20,"@realDonaldTrump Need to work on age discrimination. My 62 yr old husband has spent a yr looking for work. Is trained on computers. We live in the Dallas area &amp; he still can't get work, because computers say he is too old to work. He's never been out of work this long. #Scared"
1211437406181896192,Just_Jess123,Invited my 71 y/o dad over for #NYE2020 for dinner and board games. He said he's heading to Chicago to party with friends instead. Also just asked me to be his power of attorney. #scared #boomingrandpa
1211426392258297857,thumbaIina,kinda have a crush on penn badgley but he plays joe too well and im a lil #scared
1211416561468235776,rattynem,More will be running #scared in 2020 at the #mention of MERVELEE MYERS https://local.google.com/place?id=15799686407929885860&amp;use=posts&amp;lpsid=8491011031424768528
1211411182885707776,bergen_master,"Yes tell Twitter how good your opponents were, you played the Dobie Brothers Longhorns ğŸ˜‚, Dawsonâ€™s creek, yâ€™all almost lost to Westfield, One day you will step out of your safe space and actually play a team with a pulse or keep playing cupcakes instate #scared"
1211410065141456896,jessiekealyy,Itâ€™s been a year since this account was made solely to follow a meme account @jjordan2701 recommenced but I think itâ€™s finally time to use the app. feeling: #scared
1211402863894761478,WolphstarrL,WHAT ? ğŸ¤·ğŸ½â€â™‚ï¸It was no more milk ğŸ¥› so I used water ğŸ’¦ Tf ğŸ˜©ğŸ˜‚ğŸ˜‚ğŸ˜‚ğŸ˜‚ğŸ˜‚ğŸ˜‚ğŸ˜‚ğŸ˜‚ğŸ˜‚ğŸ˜‚ğŸ˜‚ğŸ˜‚ mrcommodore ğŸ¬ #viralvideos#skits#funnies#pranks #water #versus #milk #crying #scared #ghetto #hoodhumor #socialmedia#trendingâ€¦ https://www.instagram.com/p/B6q_2UWpRQQ/?igshid=1rcbd8pcco5uw
1211350801567961093,chrisdysonHT,I like to think of @tombennett77 as being Tom the bottler ... he has had so many invitations to see my school and doesnâ€™t even reply #scared. The #Zsar lol . As an #NLE - no school I work with will ever follow his ideals - my school shows his ideas are out of touch - roll on 2020
1211348035378302976,fiercy_fox,Iâ€™m heading into my first two Saturn returns in 2020 ğŸ¤• #scared
1211338486487363585,HumanityLove321,"ğŸ˜¡ğŸ˜¡ğŸ˜¡ğŸ˜¡ There's absolutely no way they'll be able to ""reverify"" everyone every 6mo too. Unless they mean a ""bullğŸ’© verify."" Highly doubtful. #Scared #mad #saveSocialSecurity #HELP!"
1211338280970665986,BigDaddy__1966,"Obviously, SEC commish/ officials preferred LSU play Clemson instead of OSU with the replay outcomes. PAC 12 officiating crew should have done that game to eliminate any chance of favoritism. #scared"
1211332847866384385,MichaelLifeof,ğŸ‘€ half. I woke up #Scared .
1211329785709809669,jatin_zadoo,http://knowitall6.home.blog/2019/12/15/continuation-of-story-of-thoughts-of-scared-child/. Follow me on wordpress to read new stories #thoughts #scared #child #zerotohero #story #love #your #parents #parental #love
1211329430234136576,Rantor80,Rent. Free. #scared #ImpeachedPresidentDonaldTrump? ...you should be.
1211320579782893568,atzcix,@slutsejun omg my irl ğŸ¤¤ if we never got dismissed @11:30 and became oomfs we still wouldnt talk irl because i am ##scared of u ğŸ˜¹ u r actually rly nice and funny especially on here u r WILDT about c*cks ğŸ¤ª anws lets talk more irl in 2020! ult ateez plz 
1211318211930722306,princericosuave,ğŸ˜‚ğŸ˜‚ğŸ˜‚ I'm fucking dead #Prank #Lol #Dead #TooMuch #Hood #Scared #GoodMorning https://www.instagram.com/p/B6qZf_sHZGA/?igshid=yibghtprnhes
1211312932849471488,scoomm3,yo boyfriend look like he sells smoothies I ainâ€™t #scared of him ğŸ¥°
1211312418338435079,Omnis00854131,You don't want the president* under oath? But he's totally innocent and smarter than everyone. Why not just get it over with quickly and announce he wants to testify. #scared
1211274580532322306,Ranfje,"Every morning I hear the news. Every morning I think Iâ€™ve fallen back through a time tunnel. Racism in general, antisemitism in particular, has gone back decades. Is this fed by the likes of Trump or, are we losing our humanity? Unlike #Outlander this isnâ€™t fiction #scared"
1211257999924154369,ScubaEdge,I donâ€™t want to fall asleep because when I wake up Iâ€™m streaming Alien Isolation ğŸ˜©ğŸ˜± #scared
1211218809740070912,SakshiPost,Old Video But Still Scary: Speeding Motor Boat Hits Fishing Vessel #boat #viralvideo #scared #fishingvessel
1211192340653780992,Chikat128,"Take #me down into your #paradise, donâ€™t be #scared â€™cause Iâ€™m your #body #type. #Lyrics #music #bodytype #confident #demilovato #diy @etsy @etsyca https://www.etsy.com/listing/608482717/take-me-down-into-your-paradise-dont-be?ref=listings_manager_grid"
1211169595274465280,cat_luvr420,I removed anyone from my hometown besides my friends before I tweeted this cause Iâ€™m #scared
1211158298382221312,35nation,Thanks buddy. Enjoy being the guy who hides his face online who is too afraid to show his face or support for his team #scared
1211151048657653761,YourJason,"I hope not, but I think somebody's stolen our kitty, Cho Cho ğŸ™ I haven't seen her for more than 24 hours, and it's not like her to miss breakfast and dinner. #lostcat #sad #angry #scared "
1211146958393552897,cereza_mari,Yâ€™all this Nigga from work keep hmu #scared
1211146351607549952,DGaming38,Itâ€™s time for a new game on Saturdays.... Catch me over at http://twitch.tv/devinjgaming38/ #devinjgaming #layersoffear #horror #horrorgame #twitch #twitchstreamer #horrorstreamer #gamer #gaming #scared #whydoidothistomyself
1211142116321054721,angie_novotny,"@POTUS youâ€™re #incompetent, and youâ€™re #bullying #tactics will not work little man. #scared yet? You should be. #Biden2020 #BlueWave2020 #Democrat #TakeOver #2020Election #GOPCorruptionOverCountry #GOPComplicitTraitors #GOPCorruption"
1211124215073689600,katieshoeee,anybody know this girl in my Uber with me #scared 
1211122004251828224,H_Renee_,"When you get offered to stay in Nashville with your best friend and try to find a ulta to work at, makes it harder to say no ğŸ˜­ #scared #newyear #newjob"
1211119644997816322,GaryGenard,SO SCARED YOU HAVE TO STOP READING? https://hubs.ly/H0lfztX0 â€” 23 Books That May Be Too Scary to Finish @buzzfeed #scary #horror #scared #amreading #creepy #graphic #fiction #nonfiction
1211119294056214529,RGeigerDesign,@TheEllenShow Had way too much fun with some Heads Up tonight! #headsup #scared #hilarious
1211114148362412033,chiles_dc,They are #SCARED
1211112781253992449,joybells49,"â€˜Our World Needs Jesusâ€™ Seems everywhere you look somebody is hurting, lonely and scared. Jesus is the Answer for whatever ails you! Itâ€™s never too late to be revived. #answer #jesus #look #lonely #scared #youâ€¦ https://www.instagram.com/p/B6o8MGmlN8y/?igshid=1rrmnkelqlat5"
1211111855625850880,awskeetskeetmf,grown ass men i used to see at work all the time keep inviting me over and i'm #SCARED
1211106470747660288,BBurritoBBueno,"Bruh... ya boy was SCARED! Amazing stream tonight though! Special thanks to those who dono-ed, bittied, and subbed! #twitch #blairwitch #pulsegang #brownpants #deadpool #scared #lilbitch #mommy!"
1211102931807875074,seanmooree_,Me smiling at the lucky lucky man in the toilets every time and him looking like he wants to murder me btw #scared
1211080333795479552,Syncrol_Gaming,...what was that ?....https://www.twitch.tv/videos/527667041 #twitch #horror #game #scared #imout
1211072636157145088,andyrmartin77,"The way of Enfield now. #scared of everything, everyone"
1211061911774736384,wordsmithmel,what i be seeing during my sleep paralysis ğŸ˜³ #scared #sos #calumisthedemoninmysleepparalysis
1211058446235246592,TMcbowski,"The issue here is Ukrainian corruption that Trump was rightly addressing, and your family happens to be deeply immersed in this very corruption. If I were you, I'd be petrified too. #Scared"
1211052685593661440,manservantchris,You shaking more than a dog shi*ing razor blades. #Scared
1211040651346923522,brandalyngill,How would #you like to be #scared of your own #kid? http://Www.mlkdaysummit.com #mentalillness #2020mlkjrdaymentalhealthandliteracysummit #thankyou 2 all of our #sponsors @979thebox @majic1021 @fastsigns @tempcitywide @citywidemassage @colstonsrepairshtx @kpfthouston
1211035008720347136,CutePoison10,Then I remember NYE and poxy fireworks until middle of January....#dog #barking #scared
1211031829207306242,ChoicesMatter_,#Safehavens need to be talked about more often in #schools and among families. #Church #Firehouse #PoliceStation #Hospital(each state is different) https://asafehavenfornewborns.com #PregnantTeens #Newbornbaby #infants.#pregnant #pregnancy. #Scared. #LifeMatters. #ChoicesMatter.
1211029813986807810,TheGlaistig,"Man, really. What are they doinâ€™? #donâ€™t-answer #scared"
1210997821505232897,vichorrill,Design chosenâœ… Location chosenâœ… Now just to get the nerve to have it done! ğŸ˜¬ğŸ˜¬ #tattoo #scared #excited
1210991130025889792,claydon34,Lost for words after that! Moving into areas so they can't receive the ball!!! #scared #coys
1210961274143739905,ElSpartan13,#Scared to #Show the #Tweets of #QAnon? -or- #FakeNews #Censuring the #News? Hint-#Their #Democrats!
1210953166298198017,MrRickyBlaz,#scared #hilarious #workplaceexperience scaring my colleague as we go into our season fun job. #americasgottalent
1210951047084204034,JelenaPopovic_E,"Exuse me?? ğŸ˜¯ Whatâ€™s wrong with #Running #Scared ğŸ‡¦ğŸ‡¿, #Heroes ğŸ‡¸ğŸ‡ª and #Arcade ğŸ‡³ğŸ‡± if I may ask? Theyâ€™re all worthy and #welldeserved @Eurovision - #winners! ğŸ¶ ğŸ¥‡ ğŸ‰ ğŸŠ â¤ï¸"
1210949241088200706,adoheny14,wow Iâ€™m #scared !!! 
1210949194581762049,LabeteMunez,@Deji i Will beat you in every game noob #challenge #scared #random
1210932482843009030,j_c_wms,"If you read some, because you wonâ€™t stomach much, of @realDonaldTrumpâ€™s screed over the last 24 hours you will see a very #sick #weak #scared man trying to act like a bully but falling flat on his face. What an #embarassment to this nation."
1210920877157736449,Cflow33,"#ThingsIThinkWhileScrolling #help just dont understand how I'm suppose to live without income, guess the gov.Just dosent care. Now I see why ppl take the drug dealing route in hard times.. dont want that life tho, just wanna do things right. @gofundme #scared #pleaseloveme"
1210888197233876992,jtkearney,What if straight people figure out we need them to guarantee an abundance of future gays are produced each year? #scared
1210875483887472640,SouthLondonInv1,"Englefield Green Social Hall Paranormal Investigation, 29/02/2020 8pm to 1am. #brave #scared #ParanormalActivity #mosthaunted #GhostAdventures #lockdown #investigation #ghost #Ghostbusters #hall #theatre #AFTERLIFE #dark #NightmareAfterXMas"
1210862328188669952,MrJMBus_Ed,All of you at the back say it again ğŸ¤ğŸ‘”âœˆï¸ğŸ“š #StrathPGDE #Happy #Scared #Lucky
1210861988592701442,PhilipM81043249,U Could hear it in his voice he was #scared #shitless and he should be that #jerk of a #cop should be brought up on charges. He admitted that they run plates randomly just to see if a car can be pulled over todayâ€™s police departments are #obsolete #obsoletepolice
1210838971242221568,Julz_garcia15,Wanna put video of me singing for the first time on twitter but not sure if I should ğŸ¤” #scared #singer
1210838281040138241,TexasMadeVape,I picked right. #gun #guns #gunrange #skeet #skeetshooting #sheshoots #bang #scared #proud https://www.instagram.com/p/B6m-qOVBea4/?igshid=1d50kysu0xpn7
1210825627240058886,AlexisAlianna,Uhhhh...moms calling me gtg. Ttyl. Or not. #Scared
1210823059621330944,hannahhboyddd,Home alone in my apartment and of course it has to storm (: #i #be #scared
1210822482841595910,ButchDeadlift11,Donnie canâ€™t sleep. #Scared #IMPOTUS45
1210814395242041345,ADGMARIE,People say you can talk but you canâ€™t ğŸ’” you have to suck it up be scared deal with it alone. I canâ€™t talk ....you donâ€™t wanna hear me #depressionfeelslike #voices #anxiety #PTSD #panickattacks #shame #nervous #scared 
1210803742431268864,WWE4Life8_8,#BrayWyatt is #strangely fine w/that. Bryan ain't #scared #WWE #SDLive
1210778876588126208,Lindseyrenaee,Why am I breaking out in hives on the daily?! #scared
1210776284021719041,ThePricklyPress,@YouTube I do not wish to see previews for the grudge while watching cooking videos! #scared #badadvertisment
1210758648764387330,AfterEffectsAE,Halloween Ghouls and Ghost https://1.envato.market/c/1301216/475676/4415?u=https://videohive.net/item/halloween-ghouls-and-ghost/620572?ref=videogtx #blood #dark #ghost #ghouls #goblin #gothic #halloween #holloween #nightmare #scared #scary #zombie
1210757412623286273,yorobertaa,I got a bunch of fucking Joeâ€™s following me #scared #blocking
1210750239683928064,NickleKyle,Ready to trade @BenSimmons25 13 fucking points against the Magic in 39 minutes.. that bust Markell had 13 in 28 minutes. @BenSimmons25 is afraid of the free throw line. #scared #76ers
1210737242290868224,DougCardinal,Oh no. Not Bradley Whitford. What will we do? #scared 
1210732097964367873,ChazCottoughby,ğŸ³ï¸â€ğŸŒˆğŸ³ï¸â€ğŸŒˆğŸ³ï¸â€ğŸŒˆğŸ³ï¸â€ğŸŒˆ Hopefully one day I can fly this flag a little louder and prouder ğŸ³ï¸â€ğŸŒˆğŸ³ï¸â€ğŸŒˆğŸ³ï¸â€ğŸŒˆğŸ³ï¸â€ğŸŒˆ #closeted #gay #scared
1210721770296102912,botgguk,someone's gonna break into our house i can hear it and im highkey fucking #scared let's hope that i don't d-word tonight
1210697585855533061,JayneMarie007,"ğŸ†˜EUTH LISTED BEING OVERLOOKED! ğŸ†˜KANSAS HUMANE SOCIETY #KANSAS ğŸ†˜ MUST BE #TAGGED BY LICENSED #RESCUE BY 5PM ON #SATURDAY 28TH DECEMBER #SCARED BEAUTIFUL GIRL ~ LOOK AT SWEET WINNIE ~ Mixed Breed, Large 4 yrs (F) (S) Very sweet girl. https://www.facebook.com/beautiesandbeastsrescue/videos/2431354753785005/?v=340531996691603&amp;external_log_id=009cdec893650ecad1ab9d602b668bf4&amp;q=dogs%20in%20kill%20shleters Moreâ¬‡ï¸"
1210687904906956807,Luv2go2vegas,If the facts are clear why are you holding back to move forward with the trial needing more witnesses? Cause you got NOTHING but made up scraps of info. P.S. Hope Trump starts digging in your money schemes of Ukraine too. He is uncovering your cookie jars and you know it! #SCARED
1210685188537274368,LavidaRei,they have no shame....they have people exactly where they want them. #Broke #Scared #Homeless #Needy
1210677227593117698,BennyGQ,There are a lot of children on this flight. #scared
1210674322991390720,HumanityLove321,PLEASE #resisters add a comment in dissent as well. This needs to stop before its too late! Idk how I can afford to go through everything mentally &amp;financially every 6 months! What happens during the guaranteed backlogs? Do I lose everything?! UUGGHH! #Scared #Mad #FightOn
1210669944624553985,themagazinecity,â€˜#HSMâ€™ Alum #LucasGrabeel Teases His â€˜#HSMTMTSâ€™ #Cameo &amp; Why He Was â€˜#Scaredâ€™ About It At First 
1210668634563108864,Kims_Quest,"Why does Hug Me Elmo look scared!?! Lol. . . . . . , . #elmo #vtech #funny #makeitfunny #scared #hugme #hugmeelmo #motherhoodrising #parenting #dailyparenting #CPmom https://www.instagram.com/p/B6lyNxyl9jT/?igshid=yvgcdolauwvx"
1210664163007193090,Topred2020,"I hadn't seen it, now I have.#Scared"
1210662123099037697,alisuamtz,i have 666 emails ğŸ˜” #scared
1210647446872875009,JendiCato,Please be gentle and shot on #NewYearEve (#NewYear) quieter #fireworks! Think on all the #animals. They can hear better than we #human and doesn't know why there is so a loud #noise and doesn't know where they come from! The animals will get #scared! Thank you and a #happy 2020!
1210637704289017856,zagit0va,ZHENYA TIME HHHHH i literally already know what happens but still #scared donâ€™t hurt urself pls be happy
1210632830662971392,TheOmApproach,#scared? Give yourself a little #LovingAwareness.
1210629284202786825,NightmaresFear,Here's a family #Christmas in Nightmares Fear Factory! Hope everyone had a great holiday! https://www.nightmaresfearfactory.com/tickets #itsthatscary #scariestinniagara #nightmares #hauntedhouse #cliftonhill #niagarafalls #ontario #canada #fearpic #scared #picture
1210625409433395202,BlackmailslaveZ,"Jesus Christ, you give excellent advice again ğŸ˜‚You just want to see me make a mistake and I will be punished completely. #scared #goodbye #beer"
1210623471266549761,malinapar10,bruh why cant i remember most of my tweets #scared
1210620710579781638,HopeJohnw,@RSPCA_official won't touch #Halal #scared
1210598619197382658,luvinhobi,"HELLOODLOOO !?????? just got home from work n i am #scared to check the tl... thereâ€™s gnna b so much content and a whole new GCF,???? ????? help"
1210580678590357505,FoggyOtis,Because heâ€™s #scared of @SpeakerPelosi @realDonaldTrump #PutinsBitch
1210580455877046272,VeracityInBloom,"I woke up like this. You jelly bruh?! Be jealous. I have a toothache, a dental appointment later and a crippling fear of the mother fucking dentist. Ever seen a drunk crying girl crawl into a dentist office? #Benicetome #tellmenicethings #scared "
1210571919738712070,KatelynnCollin1,When you draw the nightmare that keeps you up at night and it becomes way creepier than you could ever imagine...... #creepy #mentalhealth #scared
1210568773838790657,mykiss973,â€œI love this right nowğŸ˜â€ #fun #glfshow #mykiss973 â€¢ â€¢ â€¢ Via: (savagecomedy) #lol #kids #viral #memes #scared #fail #lmao #rollercoaster @Kiss 97.3 https://www.instagram.com/p/B6lEhpNB8Hv/?igshid=1il7i3b2zcrds
1210567631016808448,CoachBMahan,The tradition lives on #scared face pic on the Rock-n-Roll Coaster @disneypictures @Disney's Hollywood Studios https://www.instagram.com/p/B6lESEaAJWR/?igshid=2my79wk472tv
1210540787747962880,kuroogram,i didnâ€™t get a chance to watch the last hoshiai no sora ep yesterday but iâ€™m gonna watch it now and iâ€™m #scared
1210476823131279367,jenny_marie21,Yâ€™all Iâ€™m #scared
1210469336663633920,jazzmoine27,@haunting of hill house is a terrific show. Iâ€™m only half way through and Iâ€™m so terrified that Iâ€™m literally clutching my favourite stuffed animal and i honestly considered not using the washroom and just waking up with a UTI tomorrow cause Iâ€™m afraid to leave my room #scared ğŸ˜‚
1210455850608779264,jansclub,omfg they checking my lungs tmrw #scared
1210422125254889472,smallcapsteve,"Alberta is a model for all equity analysts to look at Preppie.. Its like the episode where Jessie took too many ""caffeine pills"".... Thats end well, right? #ImSoExcited #ImSoExcited #ImSoSo #Scared"
1210419286432333824,PatNelson777,When your watching Pet cemetery and your think the monsters can't see you!! alexandra.k.kunz #stephenking #petcemetary #coverup #chillin #visiting #dontgetme #scared #freakedout #scarymovie stephenking @Grandeâ€¦ https://www.instagram.com/p/B6kA0yUF57B/?igshid=i9touzf6ez0j
1210401371557629952,happyveg1986,There needs to be more #horror movie #actors winning awards because it's really something to believe that someone is #scared. #horrormovies #horrormovieaddict #annabelle3 #movienight
1210400185043558401,Hoagyland,"@realDonaldTrump You sure DON'T ACT like you are innocent. Where are the emails, actual transcripts &amp; witnesses? What are you afraid of?? #Scared #CowardInChief #MerryImpeachmas"
1210391580894547968,Skyylo22,"LETTSSS GOOOO!!! Come join us in some charity festivities! This was so much fun last time, canâ€™t wait to see how my painting will come out this time! ğŸ¥°ğŸ¥°ğŸ¥°ğŸ¥° #charity #childreninneed2019 #twitch #artist #streamer #scared #Pie #paint #forthekids #stjudeplaylive"
1210390165878951937,politics_god,"Lol, how petty. #scared"
1210385751457832960,ken_howard1,Flying butterfly: I saw an ad for these on Instagram so ordered them and gave one to Mandy for Christmas. Works well. #butterfly #prank #scared https://www.instagram.com/p/B6jxbYFBAQw/?igshid=15e6nndw4ktxo
1210365678009638913,a6ym1,Iâ€™m bout to get my titties pierced and Iâ€™m #scared ğŸ˜³
1210365618697822209,fjamesunga,HAHAHAHAHAHAHAHAHAHAHAH #SCARED
1210352815144656896,stigmahomo,#scared to search for my most twt words bc i know stigmagay is going to b the biggest one
1210349484590452736,rattynem,I have #scammers #tricksters and all sorts. But it #seems some are #scared to Royal Chords? Mek dem tan wey dem deh. MACM &amp; SMF
1210334673450045440,ActionHank0,"With the year/decade coming to a close soon, what are you looking forward to doing, starting, creating, seeing, etc in 2020? It's the start of a new decade after all :-D #NewYear #NewYear2020 #startingover #Excited #scared #adventure #travel #future"
1210332857643786241,Taw863,What a fitting thing to watch after Christmas. The original Black Christmas!!! #scared #imapussy #soiclaimedit #jinglebellrock....ğŸğŸ„
1210331689098076161,MrsATimpson,"It doesnâ€™t matter how much I understand #STEM or #STEAM or #flight, I canâ€™t get my head around these 9 seater prop jobs that fly over water and I can see the pilot who looks 12...maybe 13. #scared #pleaseland"
1210321138443620352,Alfredgtrrz,2 Cowardly lions #Scared
1210286938760065024,TheToastKing1,My relatives are at my house I'm hiding #scared
1210270599261696000,Miraninick,"@FBIMemphis #GaryNandwani IS STILL USING #NJ TO TELL ME THAT I NEED TO SEE A #DOCTORS,SO HE CAN SAY TO THE WORLD THAT MY FAMILY MEMBERS TELLING ME TO SEE THE #DOCTORS,SO SOMETHING MUST BE WRONG WITH ME.BUT THE FACT IS THAT THEY WERE #SCARED BY #GaryNandwani's #CRIMES &amp; LIEING."
1210269578279997442,libbyneedshelp,"hold up, are you saying that...that i...like this person? iâ€™m #scared"
1210240249055469569,Rantor80,"Awww, look, #ImpeachedPresidentDonaldTrump is #scared. ğŸ˜­"
1210240166649946114,angel07outburst,"Received a strange and very disturbing phone call. Whoever you are, you are sick! #scared ğŸ˜­"
1210215367282442248,texasfed,"Youâ€™re the Turkey. Embarrassing how many typos the #StableGenius has. Also, why arenâ€™t you stopping the carnage instead ofTurkey? #scared #CadetBoneSpurs #resign #TrumpIsALaughingStock"
1210213646724403201,ChrisB892020,You know you had a bad dream when you wake up and you said the Saint Michaels prayer and Our Father. #BadDream #God #StMichael #Scared
1210172988118536192,Subcultlife,Never seen so many #scared #whitepeople in my life.
1210161437596766208,monkeybaatein,You know it's true. Even the scariest movie cannot strike as much horror as these situations would. #TrueStory #scary #incidents #movies #horror #scared #horrormovies
1210145259008778243,MeowMoeDotCom,"Little #Dipper is #Sick, taking him to the #Vet and heâ€™s #Scared, #Give him #Words of #Motivation! #Cats #Cat #Kittens #Kitten #Kitty #Pets #Pet #Meow #Moe #CuteCats #CuteCat #CuteKittens #CuteKitten #MeowMoe #Hes https://www.meowmoe.com/542953/little-dipper-is-sick-taking-him-to-the-vet-and-hes-scared-give-him-words-of-motivation/ ."
1210134502393167873,jonghogod,abouta work through boxing day feeling #scared
1210117574291156993,framboisii,"here with the weather report, itâ€™s raining a little too hard outside #scared"
1210103623943774209,officialcrabman,Posible alien sighting? #scared #ibelieve #aliens #christmasaliens #ufo #spooky
1210097465577365504,TeamStella2020,"Anyone who speaks out against hateful @IlhanMN gets banned men&amp; women- all religions,all #Americans . We see it n we are done with it. #reinstatethem #presto #now #Ilhanqatar is #scared #Teamstella plus a few special crew will hold that vile beast accountable. #DanielleStella"
1210070714738302976,JONGHOBABlE,AHAHHHHAHHHHHHHHHHHHHHHH WE #SCARED
1210060735038005248,hotbrbie,the girls were #SCARED to show they bta so lemme show mine since iâ€™m so â€œfatâ€ LMAO 
1210055099004813314,nimc24,Same city. #scared
1210049846226239488,KatzST,"Man, you are #scared! The more you tweet, the more we appreciate @SpeakerPelosi. She has gotten under your skin, and you are SCARED! Yes, you have been IMPEACHED! Yes, she continues to work on getting you removed. Many #American people are helping her! #ImpeachAndRemove"
1210031517503672320,SingaporeBong,Minor issue as per â¦@MamataOfficialâ© by #scared #misguided #youth
1210027276034662400,trohar4,Never said that once. I donâ€™t even trust my government. Must suck to live in that much fear over something that wonâ€™t happen. #BrainWashed #Scared
1210023678819352576,TheTrellster,Phone on 1% ğŸ˜± #scared
1210016722436198405,michael_jorgan,Heâ€™s done it again! #scared
1210008811789934592,Scanman73,"Not playing perfection and still scared ğŸ˜® #christmas #sister #perfection #game #scared @Bracebridge, Ontario https://www.instagram.com/p/B6hGJRrhSej/?igshid=jge4z438u031"
1210007478110318592,micortazonzz1,#Bigmoney pledges to rescue or #big heart to adopt. How can humans see these 3 as garbageğŸ˜¡. They need to know the garbage is them!! Left behind to be euthanized. #countrymusic #Texas #Texansfans #Christmas is about love not this! #dogsofinstagram #dogsoftwitter #SCARED #ALONE https://twitter.com/JayneMarie007/status/1209730077531004928
1209987376124006400,HSAC_HGrade,@RMcLaugh30 how accurate are the speed guns at the cricket? Iâ€™m right in front of Trent bolt and apparently is only clocking mid 130s. he has to be bowling 175km+ #scared
1209958865447661569,valvillarrealxx,YO my mother drives crazy AF ğŸ¤£ #scared
1209935579795927040,PHLSportsGirl,Can we keep this up 2nd half? #sixers #philaunite #scared
1209933930092097536,staylovely_xo,I finally convinced my mom to let me get a tattoo sooo should I tell her about the one I already have?? ğŸ¥´ #scared
1209918232326475776,baessIine,Okay Iâ€™m about to open my loona album ... ##SCARED 
1209889701387063296,juliet_rodas,"Finally, I can go home. #scaredğŸ˜­ğŸ˜­ğŸ˜­ "
1209850700882038785,BARBIEBEOMGYU,omg we #scared
1209826929806893056,GemmaDewar2,What his thoughts were ğŸ˜‚ #Christmas2019 #Scared #Quad #Slamthedoor
1209825815308967940,AntiquesandC,"When your Xmas present scares the shite out of your 7 year old, heâ€™s going home alright, someone elseâ€™s ......#et #etgoinghome #scared #shitscarec #spielberg #christmaspresentgonewrong #forsale"
1209816387964821506,DramaQu77538052,If you leave me... please never come back #hurt #broken #alone #scared #sad #Depresion #depressed #betreayed
1209814888224362496,Matedwards7,Rather disturbingly it appears that my daughter has been given a mini Boris Johnson for Christmas. #Christmasmorning #Happychrismas #scared 
1209743957955153921,Kwangyda,I hope everybody's xmas eve was as eventful as ours #xmas #datenight #scared #ineedanadult https://www.instagram.com/p/B6fNt3Und5L/?igshid=1etnvt6nnuxgf
1209742710401310720,studyingfangirl,"The more I reflect on my education in the orthodox Israeli public school system, the more I am distressed about the future of relations between groups of different religiosity #Scared #education"
1209740116375343104,Robneron,First time holding my nephew Suleyman lastnight #uncle #scared #Christmas â€“ at Shoreditch Park
1209725481223766016,micortazonzz1,How can they just walk away? #puppy 6 months old #dumped. So #scared lost and desperately wants to be held assured he is #safe. Angels please step up!! @puppy @northcarolina @puppies #puppylove #blackdogs get overlooked ğŸ˜ª#wednesdaymorning #ChristmasSpirit #holidayseason #country https://twitter.com/Ash_Pro1/status/1209349322988564480
1209714587140083713,michell15436852,Is it just me or is it the long shows that have the best couples and takes you on a emotional roller coaster. #the100 #thevampirediaries #delena #bellarke #ships #obsessed #happy #sad #mad #scared #begging #bad #monster #love
1209711952387198982,luckimonkhi,"Boi if something were to happen to this old #statue here, imma be mad #pissed... #nostalgia #Sunshine #shoppingcentre #scared #constuction #rennovation"
1209707472006443009,bloodygiffo,They got #scared of ya @SpeedyND
1209700704706793472,kelyynn1,"Iâ€™m so scared to lose the man I love, I know Iâ€™m not good enough but I try my damnest to be everything he needs and deserves. #Scared"
1209696770697113601,JulesMurrah,"Probably. I went early, 9-ish, because I knew it wouldnâ€™t be as bad as it would be later. Iâ€™m worried that Iâ€™ll have an â€œOh wait, I need thatâ€ moment. Fingers crossed that I donâ€™t. #Scared"
1209695928476688386,ivandeato,gonna meet santa this week #excited #scared
1209598230046138368,christiindo,i just found the perfect analog camera on ebay and it really looks like it's in a great condition but we #scared to buy
1209597626871689218,heshnarayanan,"When Youâ€™re a #Leader, Itâ€™s Okay to Be #Scared https://buff.ly/2MbFbRh"
1209582681077489664,mek2its,Many asses are on fire. Merry Christmas!!! #scared #WWG1WGA
1209578124457005057,JJackybo,Its war chocolate is flying around the room #scared
1209572978121330688,jojosjesus,So why dont you hand it to the #senate #loser! #Scared??
1209559974575099905,Bigbomba20,I donâ€™t understand how my girlfriend can send me texts and IG memes at the same time like on two different apps thatâ€™s a god given talent and some hacker shit #scared #changeyourpasscodes #merrychristmas
1209511494389358593,AmeliaS13712935,The reason why the 2020â€™s are so scary for Gen-Z is because we are all scared of growing up and facing the world. #borninthe00â€™s #scared #2020FirstLook
1209449858089668608,MrPositivity8,Like life!!!! . . . . . . #hobbit #edits #instadaily #life #alone #lostplacesphotography #lostplacesgermany #sad #explore #abandoned #beach #urbex #urbex_kings #scared #lostplaces #decay #abandonedplaces #verlassenâ€¦ https://www.instagram.com/p/B6dH-l3h-_Y/?igshid=1ivzib3qxhwom
1209446626848231426,Opposite_Trump,Not if he doesnâ€™t get the articles. Heâ€™ll be running a KFC by the end of this. Why so scared of witnesses. #IMPOTUS #SCARED
1209429833538777088,HCC_Animations,Itâ€™s Christmas Eve! Have you got everything ready? ğŸªğŸªğŸª #MerryChristmas #Christmas #ChristmasEve #reindeer #antlers #green #panic #christmaspanic #scared #drawing #art #drawn #draw #colour #halfchewedcookie
1209406631626366976,MustKillLois,Omg @SkyIreland could u please remove this add everyrime it comes on the tv i get terrible terrors and anxiety please as an xmas present ğŸ“¦ i really cannot stand this guy #scared #horrorstory
1209398055667060736,izdihart,"Time scares me. A lot. How it can shape you into a better person, or someone whom you hate to be. How it may numb the pain that is given, or remind you of the pain no matter how long it takes. Time scares me. â€”Lucas W. #time #scared"
1209388234393808896,RayZod,Donâ€™t be #scared ğŸ˜± of any #conservative #competition ğŸ’ªğŸ¼ To #lose a #game wonâ€™t #kill U but the #feelings of #guilt for not getting out of ur #comfort #zone #eventually will ğŸ¤¦ğŸ»â€â™‚ï¸ #HappyTuesday ğŸ˜ƒ #RayZod #ConcertPianist ğŸ¹ #Composer ğŸ¶ #Conductor ğŸµ #Pianist ğŸ¹ #Musician ğŸ¼
1209360778723069954,up_barries,Whoâ€™s ready for Christmas? We still have so much to do!! #procastination #Christmas #MerryChristmasEve #family #FamilyIsForever #love #scared
1209356205472260096,ZuZuQ5,#BullSchitt Projection 101 You want to be fair now? We The People Demand to see the Whistleblower &amp; Hunter Biden testify in court...as well as [You] since you &amp; your office met with Eric Ciaramella and you LIED...then made up a phony transcript of Our President #Scared ğŸ‘‡ğŸ»ğŸ‘‡ğŸ»ğŸ‘‡ğŸ» 
1209320805680721920,SaltierDeadSea,All these girls rocking false lashes and I'm over here scared I'll glue my eyes shut ğŸ˜‚ğŸ˜‚â˜  #lashes #scared #falselashes #ladieslookinghawt
1209277688986427392,maidiaries,1st time in a Uber #scared
1209246276543483904,KaiNurullaev,#Emojis#: Surprised #OR #Scared #Emoji #| Luxendary #Air #Series #Clear #case #with #3D#-Printed https://www.amazon.com/Cities-States-Virginia-Luxendary-3D-Printed/dp/B07WMJG7M7/ref=sr_1_1?crid=1OWBHYHIPIU3E&amp;keywords=luxendary%2Biphone%2B11&amp;qid=1572968462&amp;sprefix=luxendary%2Bcase%2Caps%2C168&amp;sr=8-1&amp;th=1
1209244547374551046,voiceoverqueen,If you or someone you know is in the #Parkdale area #pleasehelp Heâ€™s a #rescuedog that got spooked when his foster dropped him off heâ€™s just over a year old. Heâ€™s #hungry #scared #alone #cold and doesnâ€™t know anyoneâ€¦ https://www.instagram.com/p/B6bqnP5gE2e/?igshid=bkby460cb5c5
1209241552624578560,MeLikeWater,I would love to know what the young guy said to the popo that made him run away like that. ğŸ˜‚ğŸ˜‚ğŸ˜‚ #Popo #Cowards #Scared #FightForHongKong #FightForFreedom #FightForFreedomStandWithHongKong #StandWithHongKong
1209234429685710848,azhianichole,the last time i cut my hair was in march... now iâ€™m going back to cut it... #scared
1209224765782646784,CoachOrtizOL,RAVENS DONT WANNA SEE OAKLAND IN THE PLAYOFFS #SCARED 
1209223527913721856,tasha_angel85,#scared I can't do anything about it though. I need to face it. Wonder if I will be able to fall asleep...
1209215685844439041,cancer_kc,The time:i almaost fucked my cousin (not real cousin )#scared #crazy #funny #caught #neveragain
1209213064031195138,LadyNymeriaX,Now is the time..... #dope #mindset #scared #determined https://youtu.be/AdWCBHoDgG0 #musicsavesme
1209211608821649414,LindsayRawlinsL,I will let you know how mine goes. #scared
1209194043193860096,MelodyPond33,What's something that scares you? I fucking hate bridges. #scared #nothanks #fears
1209192491918020608,abitedgy,"Hey @RepFredKeller - Comey, McCabe, Brennan, Clinton, Obama, Strozk, Page, Awan, and so many more. What have you done to protect your constituents from their continuing coup? What do you plan to do? Nothing? ""Values of PA12"" mean nothing to you. #WeakFred #RINO #Scared"
1209189813666172930,duabusan,""" We often get #scared when something hurts us. But the fact that a #friend or #love hurts us does not #mean that everyone will. Being afraid of getting hurt you may be #Missing out on #beautiful #Moments and this,in the #author 's #words ,is a madness!"" Antoine de Saint-ExupÃ©ry"
1209175367639896064,TravelToq,"@narendramodi, we #support you #wholeheartedly not to have such pitty members in your team who should be #ashamed for their #acts in public life. Are you #scared of any one to still have her in your team? @AmitShah @BJP4India #RSS @MrsGandhi @nitin_gadkari @BJPMahilaMorcha"
1209166134030798848,SportsSturm,"I am very excited, but.....do we not need a little cold weather? #Scared "
1209155326479654922,dawnvinyl,i wanna interact with oomf more but im #scared #intimidated oomf is #scary #saveme
1209150203862892549,flowersmeller,"Ok enough, @CocaCola draw the line at this level of commercialism #santa #scared "
1209144481146118144,katbaessler,Been in my small hometown since last Sunday with not the fastest internet compared to Des Moines..I just got a notice that we only have 10% data left for the next 21 days. ğŸ˜¬ #yikes #scared 
1209131150100303880,johnwinters14,Please #help #URGENT #SOS this #Angel #dog #animal #pet #labrador #labradorretriever is in a #kill #shelter @HCASpetsinneed &amp; will #Die soon- no space. Her face is #sad #lonely #scared Please #PLEDGE #Donate #Foster #AdoptDontShop Any #help is appreciated #adoptdontbuy
1209126039408009216,epiphanykoo,THREE MINS IM #SCARED
1209111784596135936,umusepela_crown,I have Got A Lion's Heart But That Doesn't Mean I Am #SCARED Of Nothing. Be Ready To Know What I Am SCARED Of At Exactly 17hrs. #ALionWithScars #BundleUp #GodInFlesh
1209111768192163840,dandounati,He asked: â€œWhat are you mostly scared of?â€.... She answered: â€œmyselfâ€ #scared #fear #fearoftheself #heshe #HeShe_Stories #conversation #somethingtothinkabout
1209110241817825280,oldaccountccc,I really hope @crisis_uk @Christmas can help change the direction I am heading in. I am #scared that I get carried away and not be able to #stop #suicide #suicidal #mentalhealth #mentalhealthawareness #dead
1209109036819451904,Rugger46,Good grief. She can't even get her words out. This is your #SpeakerOfTheHouse ? #Inept #Scared ##DidntThinkImpeachmentThroughVeryWell
1209104099473526785,TheBaverPollard,So looking to do a #SkyDive in 2020!! Anyone got any advice or recommendations on who or where to do it with?? Already #Scared thinking about it but itâ€™s on the #BucketList!!
1209099770272403457,BigWheelPaulie,really now...#ObviousBullshit and you hid by going on @FoxNews try going on a real network and see how long you last. #Scared 
1209086724430876673,satinsophie,This is the only song in the world I can relate to right now. Life is too hard these days #SuicidePrevention #depression #scared #lonely #ineedhelp
1209066208840077312,a100radio,"ğŸ“£ New Podcast! ""Old Man Massages - EXCLUSIVE"" on @Spreaker #boomer #college #comedy #creepy #ew #funny #gross #humorous #massage #massages #old #oldman #parking #parkinglot #podcast #podcasting #scared #scary #target"
1209044155034460160,LowerDepression,"DestroyDepression - 7 steps to a happy, healthy life! http://bit.ly/expeldepressiondl FeelingLonely Broken #Scared #Confused #Alone"
1209030890468315136,KrystalKGWR,Summoning Real Cursed Dybbuk Mirror in Haunted Desert Goes Wrong (Very S... https://youtu.be/MgKM-IsoW1Y via @YouTube ğŸ“ğŸ“ğŸ“for those of you who like the scary! #scared #paranormal #supernatural #emf #scary #rt #it #Cursed #haunted #share
1208982293638987778,wor1dalone,we got a cap and an aries showdown in da gc #scared #for #my #life #bruh ğŸ˜‚ğŸ˜‚ğŸ™ğŸ»â€¼ï¸
1208973094548717571,VitaminCJR,"You maybe right, I would def feel like a laker fan after the first game of the season ;â€™( #Scared #ohWAIT"
1208956653841895425,maryalyssaw,Crackheads at the gas station said i had a camel toe tonight #scared
1208936146337579009,prepaidnewstra1,"Wow, Comon #muslims, now that hate mongers have #scared you enough, feed them #content that will help them sell themselves to the world by manufacturing fake narratives"
1208931993561522176,dinoies,u aries get mad too easily ğŸ˜–ğŸ˜– #scared
1208931227887185920,Xander24799822,Iâ€™m scared #Scared #Countdown #App https://www.instagram.com/p/B6ZcIfiBHjg/?igshid=lim270ms4ov8
1208910773210243082,leahros77283266,is anyone else seeing the moving line of lights/stars in the sky #scared
1208907102137114624,jinnieluvr69,i wanna be in a gc but i am #scared of ppl being meanies n stuff
1208901984436178947,tintyluv,wait Iâ€™m #big #scared bc I sound so dumb in this acc
1208846447807889408,EyeSeePix,Wishing everybody a very Merry Christmas from the team at @IanCoop73566375! Here's hoping that everyone has a better day than this guy... #lego #mylittlepony #runningman #scared #christmas #toys #yellowâ€¦ https://www.instagram.com/p/B6Y1lAIJ2wj/?igshid=1izu15oj9ufc2
1208840265605226496,farahijklmnopqr,Just sent someone my entire playlist #scared #bismillah
1208837699852881920,adamesgraphics,Question: Who attacks everyone with names and character assignations instead of meeting face to face and fighting for ethics and values? Answer: The Loser. The Frightened. The Coward. The Trump. #DonaldTrump #ImpeachAndRemove #Weak #Loser #Scared
1208833691918581760,hon_3yy,ok so i have established the fact that i have a stalker n i am #scared
1208819206344577024,ChuteBoxeFan56,#gobrowns at @Browns #stadium never been this high! I'm kinda #scared #gameday #clevsravs #Browns vs #Ravens #gametime #balvscle #tagboard
1208814429971734529,hobiezz,my grandma is coming over for dinner . #scared
1208811816496717825,LivingOnTheBor2,"As some1 with #BPD who fears #abandonment I am also #scared of #personality #abandonment. I am #scared that if I get ""#better"" the ""person"" I am today will ""#abandoned"" me and be replaced by the ""#healthier"" me. Is that weird? #LivingOnTheBorderline #bpdlife"
1208810352517033984,SurbRatio16,Private Label Death Raw Muzic @umusepela_crown will be releasing a record tagged #Scared off his recent mixtape #HiphopIsNotDead. The record will be available for free download tomorrow at 17hrs Note :the record will be available for 24hrs
1208807591217958913,jkg_mtl,@realDonaldTrump let the presidentâ€™s men testify!! What are you hiding #scared #weak @SpeakerPelosi @SenSchumer @WalshFreedom
1208806840441745411,ZedMusicBlog,"Umusepela Crown set conclude the year 2019 with #Scared off ""Hip-hop is not dead"" mixtape. It drops tomorrow. "
1208801979205636096,ChuteBoxeFan56,#gobrowns at @Browns #stadium never been this high! I'm kinda #scared #gameday #clevsravs #Browns vs #Ravens #gametime â€“ at FirstEnergy Stadium
1208799614528303110,thisBIRDisword,Camera shaky but the moment you regret telling your roomie youâ€™ll go to her party in Park Forest. ğŸ˜… last night I was like.... giirrllll i thought it was only a name. #scared #wth
1208788614819254272,sujeliahnigga,"all u need us 1 DISS TRACK, LIKE REMY MA DID #SHETHER RAH ( RITE). THAZ ALL SHE NEEDED. SHE LITERALLY #CRIPPLED, almost #ENDED NICKI MINAJ'S CAREER. US FANS WAITED FOR NICKI TO COMPETE N DISS #HA BACK, NICKI MINAJ WAZ WAS #SCARED AF, PUSSY. THEN #CARDIB CAME N PPL CHOSE HER"
1208784706264862720,Viper00012_TV,Hooo ma made it's the ManaDemon! #smh #twitchstreamer #scaredycat #scared #viper00012 #stayclose
1208784028171689986,usabaygreen,@SpeakerPelosi #SCARED OF TRUTH YOU HAVE BEEN LYING AND THE VOTERS JUST FIGURED IT OUT DON'T WORRY NANCY PELOSI WE FIGURED OUT YOUR LIES@FEAR LONG AGO AND THE ONLY WAY TO HIDE FROM YOUR TREASON IS TO CHANGE YOUR NAME AND LEAVE THE COUNTRY WHO LET BE A TRAITOR AND GREW TO TREASON
1208780507405864962,716MrEverything,"Its mind blowing that other nations dont recognize / never speak to the contempt and under minding of America's relationship with the individuals that gave them the most while being tortured, and oppressed. #AreTheyBlind or #Scared #BigGunsMatters the most #BullyBlock"
1208779336486137858,liqueurband,Pub Christmas meal.. music is playing.. #whamaggedon #scared
1208763237895794689,Mr_Vinoth_,"From my opinion .I used to stay in a PG in Bangalore for several months where most of the PG mate were from North India and all were Hindus and they were speaking like anything about Modi ,Shah ,Yogi and Hinduthuva .Really was shocked, all were educated professionals #Scared"
1208736062778085377,jeychri1,"Why are feelings so strange? One day your totally excited for the upcoming #adventures. And sometimes your #scared. Even if itâ€™s still the same adventure, you only look #forward to it one day later again.... #Why are #feelings so #strange?"
1208668799001448449,Viper00012_TV,"When you tell your brother not to come in because I'm playing #StayClose, but he still does it! #smh #twitchstreamer #scaredycat #scared #viper00012 https://www.instagram.com/p/B6XkxF_HzQx/?igshid=1m184dwoouhsr"
1208640781918953472,angvllaa,"da babyâ€™s boto was leaked, #scared"
1208636182759976960,MackieKrystal,The power just went out in my room!! @MarriottBonvoy downtown. #scared #notok
1208632019896479744,idoser,#FEAR BASED #MEDITATION? Do You Get #Anxiety or #Stress During #Mindfulness #Meditation? #Learn #HowTo Leverage Being #Scared for #Positive #Change During Your #Mindful Moments. Click Here: http://binauralblog.com/fear-based-meditation
1208627742935265280,_certifieddmnd,My least favorite things are phone calls and voice messages. My anxiety will start jumping rope if my phone vibrates and I see 1:39 and the play button. #anxiety #phone #scared
1208623573767733249,grantypoo_96,I guess Iâ€™m going to boystown tn....? #scared
1208605592081883146,My_Moment95,Just watched â€œIn the Tall Grassâ€ on Netflix with my friend. Donâ€™t watch it. Psychological thriller buffs will still watch it but just remember I told you not to. #Annoyed #Confused #Scared
1208591644427030528,A_D_G13,"Most Sarcastic side in 2014 These #Librandus was instigating fire "" peaceful people"" are Scared under #Modi ji, now in 2019 same #Scared people are ""#ProtestAgainstCAA for Providing citizenship for ""à¤¡à¤°à¥€ à¤¹à¥à¤ˆ à¤•à¥Œà¤®"""
1208590189645332483,mtnpoet,â€œScared and sacred are spelled with the same letters. Awful proceeds from the same root word as awesome. Terrify and terrific. Every negative experience holds the seed of transformation.â€ â€• Alan Cohen #sacred #scared #awesome #words #seed #transformation #wintersoltice
1208587236897198081,MoonNevada,}#Scared! Am false Improsoned and kidnapped being taken across Utah line into NV Now by Brea and David of TimberWolf Trucking Conpany t owned by Jason Baker
1208566186704691200,Special8387,#cheol donâ€™t worry.. i totally understand why you reacted that way!!! HAHAHA #scared #panicked #attacked #seventeen #carat @pledis_17
1208565614890995712,LivingOnTheBor2,I think it is #strange that I am so #scared of someone I #love dying yet I #daily think about and want #death? That's mental illness for you. My mind thinks one thing yet I know it's completely #irrational.
1208559116840525829,ABOWLOFCEREAL25,Come watch me get drunk and get scared playing RE2 #twitch #ResidentEvil2 #drunk #scared #SmallStreamerCommunity @SmallStreamersR @TwitchReTweets @YakisonOTG @c_rxxd #twitchaffiliate Drinks every follow/sub and when Iâ€™m scared #hostme #raid
1208557651161833472,5p11cy,#scared to show up to work w my hair like this .... y does this fear even exist
1208556458893168640,micortazonzz1,Minutes Matter! I look at death any #minute. Why do they want to kill me?? What did I do wrong?? Only #YOU the good #humans can save me. #clocks tick I AM #SCARED #LivePDNation #livepd #sportsfans #Brooklyn #NewYork ğŸ†˜ğŸ†˜ğŸ†˜ğŸ†˜ https://twitter.com/ginachron/status/1208377694272049152
1208546353049219074,Tactica_Total,"My daughter is not a baby, tried covering her ears but it was too late #scared #tiktok #fyp #thesagaends #foryou #justakid #duet #SaturdayThoughts #SaturdayVibes #saturdaynight #SundayMorning #SundayMotivation"
1208531785346428932,saveallanimals2,Reposted from cynthia_kartika_liem Repost @dodo (@get_repost) ãƒ»ãƒ»ãƒ» Very intense #dog #rescue ğŸ™ #thankyou #hero es ğŸ˜‡ #help #save #life #dogs #need #scared #flood #water #river #love #care #action #rescuedog #dogsâ€¦ https://www.instagram.com/p/B6WmXp1pmkA/?igshid=tx97hb1hx4ab
1208518490568704001,rossmannn,This dogs is #scared of the #thunder hey...
1208505851050377218,jkg_mtl,@realDonaldTrump what are you scared of? #scared #weak #chicken
1208505513148858371,yutoasis,OKKKOKOK WATCHING HE SEASON FINALE NOW IM #SCARED
1208495762306469889,_Danny__S,I think we might have to ask the older age group what they remember about this... oh yeah... they were running on the pitch with keys in their hands giving it some wind mills!!! The scenes! Iâ€™m glad I was in goal and not close enough to get involved #Scared
1208489674530074625,takeqent,Literally peeâ€™d my pants!!! #top5 #embarrassing #moment #scared #Gameplay #PS4 #Livestream #BlairWitch #SaturdayThoughts #WinterSolstice #SaturdayMotivation
1208459466787770368,SWEETREDTODATOP,A man will belittle u so much to the point u start believing that shit #IM #A #DAMAGED #WOMAN #ION #WANNA #BE #REPAIRED #IM #SCARED FRFR
1208454176977629186,OurCatsClub,Typical reaction to a spider #cats #CatsOfTwitter #catsofinstagram #gif #funny #cute #sphynx #scared #spider
1208444916449316864,LizahvdA,I dont hope the robot becomes sentient though! #scared
1208439634784600065,mylifeasgbr,Guys I am walking alone and I am scared #scared #alone
1208426132783140864,KeithV1967,"Gen Xer here. Born 1967. Great article. Thanks for sharing. Not to be overly dramatic , but in my view we are the last gen to protect the republic from collapse into socialism. What happens when all the conservative boomers (who shocked the greatest gen) are gone? #Scared."
1208412065435504640,cjwooh,First day of work and I am #scared lolll
1208409109512499206,BrendaPerrott,PLEASE #FOSTER OR #PLEDGE to save this precious baby's life! Gorgeous GRADY lost all in a move; sweet kitten needs u now! #NYC #cats #sweet #scared 
1208408165332729856,jhlvs,i wanna dm an oomf but i am #scared 
1208405954896773120,micortazonzz1,#Manhattan #NewYork #death is around the corner for me. #intelligent #loving #scared of the shelter. #please #SaturdayMotivation https://twitter.com/ginachron/status/1207385068659990529
1208398044452020226,umusepela_crown,What Date Is Mufasa Fond Of Releasing His Records On? BeReady #GodInFlesh #Scared
1208383933068578818,WildeOscarCat,#NYC #cats #sweet #timid #scared SWEET FRITZ is a #kitten who needs u now! #SATURDAYTHOUGHTS #DEATHROW #SAVEME
1208383757243371520,WildeOscarCat,Save this sweet scared baby! #NYC #cats #sweet #scared 
1208377494061174784,DJRASHEED1,How many of yâ€™all ever felt #Scared and alone when dealing with your love ones in Surgery ğŸ˜±
1208376605397180416,aaronandshara,#Welcome to #Life! #Please #DONT be #scared to #fail! https://www.instagram.com/p/B6VbvOqlGL_/
1208371915737448449,burrell_lynette,Before #Paintball #LastNight #Scared #TheyreGoingToShootMeğŸ¤£
1208366042680119300,MelanieBeegle,Getting my lashes done today!! I am so excited! It better not be botched! ğŸ¤£ğŸ™ˆ #scared #nervous #excited
1208301961184985088,BrendaPerrott,"YOUNG SWEET GIRL NEEDS OUT ALIVE! PLEASE #FOSTER #PLEDGE OR #ADOPT THROUGH A #RESCUE ! PLEASE SAVE THIS SCARED SWEET GIRL NOW!. (YES, they are monsters enough 2kill for fear SO PLEASE SAVE HER NOW. NOON SATURDAY MAY BE TOO LATE! Don't wait.) #NYC #cats #sweet #scared #young"
1208293688503230464,DwRemmie,"Because he has no brain, no heart and no future #scared little boy"
1208285199970295808,Sincerely_jassi,Thereâ€™s no amount of money that could ever make me go into space...shit just too big and unpredictable #scared
1208277155513126912,Skylight_Tech,Do it afraid ladystinanichole #weekendvibes #scared https://www.instagram.com/p/B6UyshQpsSm/?igshid=12q8gfvpypt1i
1208253535814598657,Jespinosa217,Reading this and looking at your profile pic gives me chills #scared
1208244546884296704,cherrysguitar,the way im literally getting bangs tomorrow omg im #scared this is all on emi whichever way it goes
1208231824096288768,Brookly69478760,"is the Media- ruling this COUNTRY.? is the idea of CAA/NRC a #gift by d Media.? Why is the Govt #scared &amp; not addressing the ISSUE, they just hv to take their own #ally SAD/BJD/JD(U)/AGP alongwith the entire OPPOSITION(&amp; find a MECHANISM, which can Build #Trust_n_Confidence)..?"
1208225388163301376,AndiC1,Wrapping Xmas presents but not enjoying it this year as I listen to @abcnews re: #bushfires #shoalhaven #nowra #bargo and Mark packs the Ute so we can leave if we need to. Thank God our local brigade put out the fire at Mt Scanzi Rd.... but no rest atm #scared
1208221500039483392,Adventportal,"@ThatCmonster @Protocol_Games It never fails to find a game to play while watching you stream, thanks Cmonster, off to go play Song of Horror now! #scared"
1208219894942183424,BearaIrishBrew,"ğŸ“£ New Podcast! ""Episode #6 â€“ Thrive and Overcome â€“ Suzanne Buchanan"" on @Spreaker #alone #anxiety #anxious #depressed #depression #energy #entrepreneur #fear #happy #inspiration #inspire #power #quote #quotes #sad #sadness #scared #scary #success"
1208210485360771072,megumi_nakane,Father disappeared I don't wanna leave without him!? #scared
1208210017654059008,MyLifeNwriting,Life's a scary thing...sometimes you just want to know someone is listening? Someone's around? Something to make you feel like you're not alone in the struggle. Anyone listening? #scared #fear #anxiety #lonliness #anyone
1208202926331715584,dquintins,This #face kind of gives me the #creeps. How does it make you feel? #art #provocative #artist #artiste #artistes #justforfun #blackandwhite #faces #artlife #artistontwitter #scared so #familiarğŸ¥º
1208194639640969218,KIINGSTEFF,Man Iâ€™m chillen here alone & I look up from my phone & someone is staring at me #scared
1208182876627521537,beautyofsoul_,The big lesson in life is never be scared of anyone or anything. â€” Frank Sinatra #lessonsforlife #life #lifelessons #motivation #inspiration #lifequotes #scared #fear #anyone #anything #sinatra #franksinatra #bos
1208180068717092865,Mivia1,#Scared much!
1208175573631164416,RachelStarrxxx,Ghost Humping: @Brazzers https://www.brazzers.com/scenes/view/id/2893124/ghost-humping/?ats=eyJhIjo1NTkyNCwiYyI6NTY2OTgxNjIsIm4iOjE0LCJzIjo5MCwiZSI6MzQ4LCJwIjoxMX0= #scared #haunted #ghost #sexy #starrnation pic.twitter.com/qxfrcP313a
1208147989786775553,Neicy6,This #scared #punk ass #pig needs to be under the #jail! When are the police going to stop #hiring #sniveling #cowards? And hire more Black people?
1208142685350973440,imonlyhunan,Bollywood is either #scared or #sold because taking a firm stand on anything opens us up to criticism. #WithGreatFameComesGreatResponsibility
1208141068006547459,Captain_Bogus,.@drdisrespect thank you for the shout out but yes working to take your thrown. Your an I pertaining. Donâ€™t be #scared lol https://www.twitch.tv/captainbogus
1208136713534615555,KingAggie3,"#impeachment #scared #chicken After impulsively rushing the impeachment proceedings, the democrats are too scared to add yet another failure to their fruitless endeavors, so now they stall the Senate after rushing their half-baked, weak nonsense through the House. Chicken Party"
1208127558732177408,tommyers56,#scared of or #DeepState involved ?
1208127222898470912,WolfpackTA,"It seems that you know you have no true evidence, but you canâ€™t beat the President in an election so you are trying to make him look bad #scared #noevidence #powerhungry"
1208126345626169363,mirrorballove,its either. Rururu or Crescent Moon. Actually #scared
1208103184763408384,Sadtea93378497,Mood: #mood #scared 
1208093840361443328,CurtScaresMe,Saw @netflix In The Tall Grass. What a neat movie. I enjoyed it. That's my review. Today's photo is almost the entire cast and crew of The One Survivor Of Conifer ğŸ˜‚ #HorrorFam #horror #inthetallgrass #behindthescenes #bts #indie #filmreview #Review #tosoc #comingsoon #scared 
1208088136317726720,valxval,LMFAOOOOO I was like bitch â€œHOW DID WE MEET ğŸ˜³â€ #scared
1208085157577670661,LisFritz,Getting ready for an appt that I am dreading. Need something good to happen for a change. #scared
1208084552368844800,jinnieluvr69,i always go early everywhere bc i am #scared of being late and being an inconvenience ğŸ˜”ğŸ˜”ğŸ˜”
1208076291590803456,Banjo116538,And it begins. #Scared 
1208075372555845633,mike_knizner,Why?????? #Scared MuchğŸ¤” Itâ€™s okay #GITMO is warm.... just think 3 Hots &amp; a CotğŸ˜ #AmericaFirst TY @realDonaldTrump @POTUS
1208073106973188097,libbyneedshelp,hold up is froylan gutierrez a fan of tana mongeau? iâ€™m #scared
1208065068832874497,MyiSmile,"Live witnesses under oath at an impeachment trial, subject to cross-examination, only way to get to the truth & have DUE PROCESS! Don't let @senatemajldr deny you your due process rights! Force Bolton, Mulvaney, et al to talk! @BarackObama would have done it. #scared"
1208055067913474048,AlfredSchulz,Did cavemen get haircuts? How? Or did they all have super long hair? #Questions #Smart #Curiosity #Thoughtfulness #Scared
1208049701762805762,SociopathFilm,My holiday Bogo sale... https://tressagraves.com/holiday-bogo-sale/ #game #residentevilgames #capcom #scared #zombie #horrorfan #booknow #bookstagram #books #book #bookworm #bookaddict #readingğŸ“– #booknerd #booklovers #bookaholic #reads #bookworm #ebook #goodreads #amreading #novel #bhfypâ™¥ï¸
1208049621844529152,TressasChamber,My holiday Bogo sale... https://tressagraves.com/holiday-bogo-sale/ #game #residentevilgames #capcom #scared #zombie #horrorfan #booknow #bookstagram #books #book #bookworm #bookaddict #readingğŸ“– #booknerd #booklovers #bookaholic #reads #bookworm #ebook #goodreads #amreading #novel #bhfypâ™¥ï¸
1207972821848252417,RyderEvans99,long flight head with abs and hunter. sooo excited but hunts might be abit crazy. #scared #crazy #mental #Nottinghamshire #Brexit #DonaldTrump #mastercheftheprofessionals #Inktober #KFCWedding
1207965447292948481,RaxielLiz,"When your soul mate is in pain, it's like a spirit knife is being driven threw your heart. Handle first! #pain #winecave #FridayFeeling #scared"
1207952407721701376,yevown,why did [redacted] send me a friend req does she know abt oomf and i?? ğŸ˜³ #scared
1207950878130475009,ziyadiraqe,Love ur #fucking life Take pictures of everything Tell people u love them Talk 2random #strangers Do things that you're #scared 2 do Fuck it because so many of us die and no one #remembers a thing we did Take your life and make it the best story in the world Don't waste that shit
1207937545641660416,_omiza_,"Dusham Mulk? Karbala? War? Are you guys just out of your senses? NRC, CAA padha bhi hai? Abbreviation nhi drafts ki baat kar rhi hu, can't believe ye parchiya masjid ke bahar mil rhi hai also I can't even record the scary speeches they are delivering. #scared "
1207936204932558848,amandacsinclair,This girl is gonna be a Doctor soon!!! Or should I say dogtor ğŸ¤ª Veterinary class of 2024 ğŸ˜„âœŒğŸ» #veterinarian #gradschool #scared
1207920491413016576,TomMagliocco,Yes we do..... because we only do this one day at a time Continue firing those chamber. #scared$neverwins
1207916119320866817,chris181191,So here I am. Tweet one. My wife of 3 years is #cheating on me. She said she hasnâ€™t found me attractive in years. Weâ€™re seeing how December goes but Iâ€™m #scared. I donâ€™t want to go. But I dont want her cheating on me. #separation #marriage
1207916098684964864,uttyato,or... the worst... #scared
1207899276300505088,ParanormalisThe,"Kenny is #scared of the dark and he knows exactly why. Also, Patty talks about a time she was locked in a room with a #ghost. All to be taught a lesson... Kenny Is Scared of the Dark and Pattys Involuntary Lockdown | The Paranormalist Podcast (#020) CLIP"
1207889192849526784,akuvore,omg guys my dad just took my phone and messaged some bro i was talking to eye #scared
1207887687333474304,AamNagrik00,Not a single word from you people ... why are silent ?? #scared to loss your #fan #following ya #film ? @BeingSalmanKhan @aamir_khan @iamsrk @SrBachchan @RanveerOfficial @itsSSR @duttsanjay @sachin_rt @Nawazuddin_S @GautamGambhir
1207883885230645248,riddlewinnie1,"Your hypocrisy is flying high @realDonaldTrump! Why are YOU hiding all the testimony from those in your administration? Why aren't your people testifying? You claim everything you did was ""perfect""! So let them testify! WHAT ARE YOU HIDING?? #Scared #hypocrite"
1207874228302647298,thewiselady22,@POTUS Sure is funny when the #DemoRats usually R all together like their hearings they R ready 2 come right 2 a #Microphone &amp; TALK! TALK! TALK! Not tonight. Tonight they R running #Scared as fast as they can. Could it be because of the #FarceImpeachmentDisgrace? #BumbledThis1too
1207873452423733255,Greenarrow09010,"I'll see how u will all look when Giuliani comes to testify, if #realdonaldtrump has the balls to call him to testify. I still don't get if they think impeachment is so weak and the #SenateTrial is so fair, why hasn't #MitchMcConnell called Giuliani, Bolton to testify. #scared"
1207870325519720449,AprilMNormand,Sometimes fear is more than just cowardice. #fear #anxiety #worry #faith #chronicillness #chronicpain #mentalhealth #doubt #paranoia #afraid #scared #anxious
1207840692057169920,macy_raddon18,There was literally a rock in Bâ€™s @caferio burrito... #scared 
1207828988778942465,iyiewamakeovers,"Mom it's your birthday Thanks for all the care and love you give not to mention the #meals,advice, and #times when am #down and #nervous #scared #lonely #depressed you are always there without me saying a word you read me like a #book.HBD mom"
1207826811780050944,plumbago333,"Theyâ€™re shifting to the equally terrifying Pastor President Pence. Possibly even more dangerous than Txxxx, MP is a longtime cog in the Christian White Nationalist machine and has loads of support from #RalphReed and his gang of snakes. It can get much worse than Txxxx. #scared"
1207818011027165194,KnightingChris,You #Lie you had the chance to have your #Lawyers there! Maybe you should testify since you have nothing to worry about! Also allow other witness who can back you up. Remember you're on trial not anybody else! Are you #Scared #DUMMY?
